{"cameraMode":{"drawMode":0,"name":"Shaded","section":"Shading Mode"},"sceneLighting":true,"audioPlay":false,"sceneViewState":{"m_AlwaysRefresh":false,"showFog":true,"showSkybox":true,"showFlares":true,"showImageEffects":true,"showParticleSystems":true,"showVisualEffectGraphs":true,"m_FxEnabled":true},"in2DMode":false,"pivot":{"x":-0.3647739887237549,"y":0.08548939228057862,"z":-0.33534979820251467},"rotation":{"x":-0.07663547992706299,"y":0.8154354095458984,"z":-0.11101454496383667,"w":-0.5629106163978577},"size":5.08320426940918,"orthographic":false}